EmployeeID,FirstName,LastName,Department,Role,Age,Salary,StartDate
101,John,Doe,Engineering,Software Engineer,28,75000,2018-06-15
102,Jane,Smith,Marketing,Content Strategist,32,68000,2019-09-01
103,Emily,Jones,Human Resources,HR Manager,45,82000,2015-03-22
104,Michael,Brown,Engineering,DevOps Engineer,30,78000,2020-11-12
105,Sarah,Davis,Sales,Sales Executive,29,62000,2021-07-30
106,David,Wilson,Engineering,Data Scientist,34,91000,2017-01-10
107,Linda,Taylor,Customer Support,Support Specialist,26,50000,2022-04-18
108,Robert,Anderson,Marketing,SEO Specialist,39,70000,2016-08-05
109,Patricia,Thomas,Sales,Account Manager,31,66000,2018-12-20
110,James,Jackson,Engineering,Product Manager,37,88000,2014-05-14
111,Karen,White,Finance,Accountant,41,73000,2013-02-28
112,Charles,Harris,Engineering,Backend Developer,33,80000,2019-10-10
113,Barbara,Martin,Marketing,Graphic Designer,27,59000,2020-03-17
114,Thomas,Thompson,Sales,Sales Manager,36,85000,2015-07-25
115,Mary,Garcia,Human Resources,Recruiter,30,65000,2018-11-05
116,Christopher,Martinez,Engineering,Frontend Developer,29,77000,2021-01-19
117,Jessica,Robinson,Customer Support,Customer Service Manager,38,72000,2016-09-30
118,Daniel,Clark,Finance,Financial Analyst,35,80000,2017-04-22
119,Susan,Lewis,Marketing,Social Media Manager,33,68000,2019-06-14
120,Matthew,Lee,Engineering,Machine Learning Engineer,31,95000,2018-08-03
121,Nancy,Walker,Sales,Sales Representative,28,60000,2020-12-11
122,Anthony,Hall,Engineering,Quality Assurance Engineer,34,75000,2015-05-27
123,Donna,Allen,Human Resources,HR Coordinator,29,62000,2021-03-09
124,Mark,Young,Marketing,Email Marketing Specialist,32,70000,2017-07-16
125,Dorothy,Hernandez,Finance,Payroll Specialist,40,69000,2014-10-21
126,Paul,King,Engineering,Full Stack Developer,36,82000,2016-02-13
127,Michelle,Wright,Customer Support,Technical Support Engineer,27,58000,2022-01-05
128,Steven,Lopez,Sales,Regional Sales Manager,39,88000,2013-08-19
129,Laura,Scott,Marketing,Brand Manager,34,75000,2018-04-08
130,George,Green,Engineering,Site Reliability Engineer,32,81000,2019-11-23
131,Elizabeth,Adams,Human Resources,Benefits Coordinator,30,64000,2020-05-30
132,Kevin,Baker,Finance,Investment Analyst,37,92000,2015-09-12
133,Angela,Gonzalez,Marketing,Market Research Analyst,29,66000,2021-06-07
134,Brian,Nelson,Engineering,Embedded Systems Engineer,35,83000,2017-12-18
135,Melissa,Carter,Customer Support,Client Relations Manager,31,71000,2018-03-25
136,Edward,Mitchell,Sales,Inside Sales Representative,28,61000,2020-10-14
137,Stephanie,Perez,Marketing,Content Writer,26,55000,2022-07-09
138,Jason,Roberts,Engineering,Data Engineer,33,79000,2016-06-21
139,Rebecca,Turner,Human Resources,Training Specialist,34,68000,2019-02-05
140,Jeffrey,Phillips,Finance,Controller,42,95000,2013-04-17
141,Sharon,Campbell,Marketing,Public Relations Manager,38,72000,2015-08-29
142,Ryan,Parker,Engineering,Security Engineer,30,80000,2018-01-11
143,Katherine,Evans,Sales,Sales Associate,27,59000,2021-09-03
144,Gary,Edwards,Customer Support,Support Analyst,29,63000,2019-05-19
145,Carol,Collins,Human Resources,HR Generalist,36,70000,2014-11-07
146,Eric,Stewart,Engineering,Software Architect,40,105000,2012-07-22
147,Michelle,Sanchez,Marketing,Digital Marketing Manager,33,76000,2017-03-30
148,Stephen,Morris,Finance,Tax Specialist,39,85000,2016-10-05
149,Emily,Rogers,Engineering,Mobile Developer,28,74000,2020-02-14
150,Justin,Reed,Sales,Account Executive,31,67000,2018-06-09
151,Laura,Cook,Customer Support,Customer Success Manager,35,72000,2015-12-25
152,Joshua,Morgan,Engineering,Cloud Engineer,32,81000,2019-08-16
153,Ashley,Bell,Marketing,Content Marketing Manager,29,69000,2021-04-20
154,Brandon,Murphy,Finance,Financial Planner,34,78000,2017-05-13
155,Kimberly,Bailey,Human Resources,HR Assistant,26,56000,2022-03-08
156,Adam,Rivera,Engineering,AI Engineer,37,93000,2014-09-27
157,Melissa,Cooper,Sales,Sales Director,40,98000,2013-01-19
158,Jason,Richardson,Marketing,Product Marketing Manager,31,73000,2018-11-02
159,Amanda,Cox,Customer Support,Support Lead,28,61000,2020-07-23
160,Kevin,Howard,Engineering,Software Tester,29,70000,2019-10-30
161,Rebecca,Ward,Human Resources,HR Specialist,33,68000,2016-04-12
162,Brian,Torres,Finance,Accounts Payable Clerk,27,50000,2021-02-05
163,Stephanie,Peterson,Marketing,Graphic Artist,30,65000,2017-08-18
164,Mark,Gray,Engineering,Database Administrator,36,82000,2015-03-14
165,Angela,Ramirez,Sales,Sales Consultant,32,64000,2018-05-29
166,Justin,Cruz,Customer Support,Technical Support Manager,34,75000,2014-12-07
167,Sarah,James,Human Resources,Compensation Analyst,29,70000,2019-09-21
168,Anthony,Watson,Engineering,Systems Engineer,35,80000,2016-06-03
169,Michelle,Brooks,Marketing,SEO Manager,31,72000,2020-01-16
170,Daniel,Kelly,Finance,Financial Controller,38,90000,2013-07-25
171,Laura,Sanders,Engineering,Network Engineer,30,78000,2017-11-11
172,Thomas,Price,Sales,Sales Operations Manager,33,69000,2015-04-19
173,Amanda,Bennett,Customer Support,Customer Experience Manager,28,62000,2021-08-30
174,Christopher,Wood,Human Resources,HR Director,42,95000,2012-10-22
175,Jessica,Barnes,Marketing,Content Editor,27,58000,2022-02-14
176,Matthew,Ross,Engineering,Software Developer,29,74000,2018-09-05
177,Susan,Henderson,Finance,Auditor,36,83000,2014-05-17
178,Andrew,Reyes,Marketing,Social Media Coordinator,25,54000,2022-06-28
179,Karen,Stevens,Customer Support,Support Technician,31,60000,2019-03-09
180,Joshua,Morris,Engineering,Front-End Developer,34,80000,2016-12-20
181,Dorothy,Foster,Sales,Account Manager,30,66000,2018-07-13
182,Charles,Gonzales,Human Resources,Recruitment Manager,37,85000,2013-09-29
183,Melissa,Bryant,Marketing,Marketing Coordinator,28,61000,2020-04-25
184,Robert,Alexander,Engineering,Back-End Developer,32,77000,2017-02-08
185,Angela,Russell,Finance,Financial Analyst,35,82000,2015-08-16
186,Steven,Griffin,Marketing,Advertising Manager,39,90000,2012-11-03
187,Rebecca,Diaz,Customer Support,Client Support Specialist,29,63000,2019-05-27
188,Kevin,Hayes,Engineering,Software Engineer,31,76000,2018-10-19
189,Sarah,Mendoza,Human Resources,HR Assistant,26,58000,2021-01-07
190,James,Fisher,Sales,Sales Representative,28,61000,2020-09-14
191,Linda,Sullivan,Marketing,Content Creator,34,70000,2016-07-22
192,Thomas,Little,Engineering,DevOps Specialist,33,79000,2017-04-30
193,Nancy,Bates,Finance,Senior Accountant,40,88000,2013-06-11
194,Daniel,Harrison,Marketing,Product Manager,30,75000,2018-03-05
195,Barbara,Stone,Customer Support,Support Lead,32,72000,2019-12-18
196,Matthew,Graham,Engineering,Software Architect,38,105000,2014-08-09
197,Karen,West,Human Resources,HR Manager,36,82000,2015-10-27
198,Robert,Jordan,Sales,Regional Manager,39,89000,2013-05-16
199,Jessica,Owens,Marketing,Digital Strategist,29,68000,2020-02-23
200,Justin,Peterson,Engineering,Data Analyst,31,76000,2017-09-07